state_id,defensive,cautious,rebound,aggressive
0,0.0,0.0,0.0,0.0
1,0.0009471534610599783,0.0014596559137461972,0.001788018602799833,0.001128289335504325
2,-0.00078964215715483,0.0011988573680801716,0.0026714797505027455,4.930711402011454e-05
3,0.0005091664438530243,0.00310189236533231,0.0017694035548181293,0.0008772014874274479
4,-0.00016382212416652455,-0.0003557445923131439,0.0011434243839003571,-7.683739344128244e-05
5,0.0,0.0,0.0,0.0
6,0.0008742274075875303,0.0010765588816047894,3.840046396863387e-05,0.005059322765206419
7,0.0033730439624838513,0.0016824502349760684,0.0013691472195177627,-0.0015714368196746943
8,0.0030097422501105106,0.0041902106668112735,0.006245702958856463,0.0003583191364622412
9,0.0017078772792535285,0.0006359785087066828,0.002530074440146163,0.0102521203161737
10,0.0,0.0,0.0,0.0
11,-0.002663538744297032,0.00399605167406204,-0.0016847343155155588,-0.002109933844602785
12,-0.0005301389581566915,0.0018887666230728197,0.0010073892454356267,0.00923215300677149
13,0.0021784383968253625,0.00298180600597753,6.926970772480135e-05,7.288026328711693e-06
14,0.0011659253510502504,0.008359782464512893,0.0011180089996906434,0.0
15,0.0,0.0,0.000949249876073955,0.0
16,0.0021005013568126027,0.0019766043919050794,0.005254598684545427,-0.00018341629921842716
17,0.004388260110639352,0.005881210725960815,0.005205491954466804,0.001441453858867538
18,-0.0013697839565823661,0.007404672091592831,0.0027563230118528223,-0.0017420549622221223
19,-0.0010828797797129302,0.0010924476722972165,0.004810404846678608,0.0002964705976156028
