cluster,n_windows,dominant_hmm_regime,avg_SPY_ret,avg_VIX_level,avg_curve_slope_10y2y
0,1,recovery,0.007659582685031419,16.77,0.5299999999999998
1,1881,recovery,0.00030886914023377574,18.035922414673045,0.475725677830941
2,892,recovery,0.0010816757853711024,19.26159192825112,0.44345291479820625
3,1,recovery,-0.0020574268472233204,12.42,-0.40000000000000036
