cluster,n_windows,dominant_hmm_regime,avg_SPY_ret,avg_VIX_level,avg_curve_slope_10y2y
0,315,transition,0.001174016327720026,21.7241905015873,0.6183492063492063
1,953,recovery,-4.211363121735718e-05,18.798646429171036,0.09663168940188877
2,895,recovery,0.0003348738946811406,17.298692740782123,0.8061117318435754
3,494,recovery,0.001736880240416949,16.56325910931174,0.6049595141700406
