episode,epsilon,train_episode_reward,train_avg_reward,train_policy_n_days,train_policy_risk_free_rate,train_policy_total_return,train_policy_annual_return,train_policy_annual_vol,train_policy_sharpe,train_policy_max_drawdown,train_policy_calmar,train_policy_final_nav,train_policy_avg_turnover,train_policy_total_turnover,train_policy_objective_value,validation_n_days,validation_risk_free_rate,validation_total_return,validation_annual_return,validation_annual_vol,validation_sharpe,validation_max_drawdown,validation_calmar,validation_final_nav,validation_avg_turnover,validation_total_turnover,validation_objective_value
1,0.3,-1.092867581201997,-0.0005683138747800296,1923,0.009641081643265732,0.06735957306435858,0.008579157261157322,0.0013304560535576508,-0.7981656960925654,-0.0016000000000000458,5.361973288223172,1.0673595730643586,0.0013520540821632865,2.6,-0.7981656960925654,508,0.05198248031496063,0.10582265393760593,0.05116465927807079,0.0007036238271782778,-1.1622986676979454,0.0,,1.105822653937606,0.001968503937007874,1.0,-1.1622986676979454
2,0.2955,-0.6687046950409203,-0.00034774035103532,1923,0.009641081643265732,0.10207923845371991,0.012818882063305725,0.03656734994954107,0.0869026720400852,-0.09328183254395639,0.13742099306706046,1.10207923845372,0.0019760790431617263,3.8,0.0869026720400852,508,0.05198248031496063,0.10582265393760593,0.05116465927807079,0.0007036238271782778,-1.1622986676979454,0.0,,1.105822653937606,0.001968503937007874,1.0,-1.1622986676979454
