mapping,objective_value,validation_n_days,validation_risk_free_rate,validation_total_return,validation_annual_return,validation_annual_vol,validation_sharpe,validation_max_drawdown,validation_calmar,validation_final_nav,validation_avg_turnover,validation_total_turnover
1->aggressive,1.1766129835570613,508,0.05198248031496063,0.3730775453622168,0.17032215318536603,0.10057654855435,1.1766129835570613,-0.09983164710164738,1.7060937901980728,137307.75453622168,0.0,0.0
1->rebound,1.0177499887205446,508,0.05198248031496063,0.3212398317293872,0.1481920175854876,0.09453160239429327,1.0177499887205446,-0.10139226457995498,1.4615712372084135,132123.98317293872,0.0,0.0
1->cautious,0.7394395670901608,508,0.05198248031496063,0.26869651047917475,0.12530941492171976,0.09916555438778445,0.7394395670901608,-0.11189833622603373,1.119850563895747,126869.65104791748,0.0,0.0
1->defensive,0.43761391086808377,508,0.05198248031496063,0.20957107933074304,0.09898148749680513,0.10739833907156596,0.43761391086808377,-0.12489059430115468,0.7925455719918053,120957.10793307431,0.0,0.0
