cluster,n_windows,dominant_hmm_regime,avg_SPY_ret,avg_VIX_level,avg_curve_slope_10y2y
0,1051,risk-on,0.0003753864498132512,15.050780196003805,0.8422740247383445
1,971,recovery,0.0006560910955811458,18.66354279093718,-0.08624098867147272
2,329,transition,0.0007907431813637073,23.66574470516717,0.31148936170212765
3,424,transition,0.0006124756838134062,22.1919811745283,0.9116981132075471
