cluster,n_windows,dominant_hmm_regime,avg_SPY_ret,avg_VIX_level,avg_curve_slope_10y2y
0,508,transition,0.000389024093512023,18.845610248031495,0.18643700787401574
1,871,recovery,0.0005887804932230177,18.924293949483353,0.44870264064293913
2,212,transition,0.0017725058573061937,30.701320919811323,0.200377358490566
3,1066,recovery,0.00037634947123545154,14.875703552532832,0.7309380863039399
