{
  "experiment_name": "hmm_baseline__q_learning",
  "source_experiment": "hmm_baseline",
  "architecture": "hmm_baseline+q_learning",
  "best_episode": 38,
  "action_names": [
    "defensive",
    "cautious",
    "rebound",
    "aggressive"
  ],
  "cluster_to_idx": {
    "0": 0,
    "1": 1,
    "2": 2,
    "3": 3
  },
  "agent_config": {
    "episodes": 250,
    "learning_rate": 0.1,
    "discount_factor": 0.95,
    "epsilon_start": 0.3,
    "epsilon_end": 0.02,
    "epsilon_decay": 0.985,
    "include_previous_action": true,
    "eval_interval": 1,
    "random_state": 42,
    "reward_scale": 1.0
  },
  "summary": {
    "experiment_name": "hmm_baseline__q_learning",
    "source_experiment": "hmm_baseline",
    "architecture": "hmm_baseline+q_learning",
    "n_clusters": 4,
    "target_cluster_count": 4,
    "best_mapping": "q_learning_policy(episodes=250,alpha=0.100,gamma=0.950)",
    "objective": "sharpe",
    "best_episode": 38,
    "n_states": 20,
    "n_actions": 4,
    "policy_loaded": false,
    "train_n_days": 1941,
    "train_total_return": 0.3136862189053433,
    "train_annual_return": 0.03605728383574425,
    "train_annual_vol": 0.09480314248287516,
    "train_sharpe": 0.16937501664193005,
    "train_max_drawdown": -0.2787895931745682,
    "train_calmar": 0.12933511407352444,
    "train_final_nav": 131368.62189053433,
    "train_avg_turnover": 0.15466254507985577,
    "train_total_turnover": 300.20000000000005,
    "validation_n_days": 555,
    "validation_total_return": 0.4819781529953311,
    "validation_annual_return": 0.1955600995670883,
    "validation_annual_vol": 0.11540044602600648,
    "validation_sharpe": 1.521312140574607,
    "validation_max_drawdown": -0.0883493655480877,
    "validation_calmar": 2.2134861790337004,
    "validation_final_nav": 148197.8152995331,
    "validation_avg_turnover": 0.05117117117117116,
    "validation_total_turnover": 28.399999999999995,
    "test_n_days": 278,
    "test_total_return": 0.08989562715843458,
    "test_annual_return": 0.08115629090638055,
    "test_annual_vol": 0.09175564816079237,
    "test_sharpe": 0.666512548624913,
    "test_max_drawdown": -0.09850680533754463,
    "test_calmar": 0.8238648144997638,
    "test_final_nav": 108989.56271584345,
    "test_avg_turnover": 0.0776978417266187,
    "test_total_turnover": 21.599999999999998
  },
  "q_table_filename": "hmm_baseline__q_learning_q_table.csv",
  "q_table_path": "F:\\Documents\\GitHub\\CU_Quant_Trade\\Final_Project\\track_b\\results\\rl_backtest_rankings_k4\\q_tables\\hmm_baseline__q_learning_q_table.csv"
}