{
  "experiment_name": "rnn_lstm_hybrid__q_learning",
  "source_experiment": "rnn_lstm_hybrid",
  "architecture": "rnn_lstm_hybrid+q_learning",
  "best_episode": 172,
  "action_names": [
    "defensive",
    "cautious",
    "rebound",
    "aggressive"
  ],
  "cluster_to_idx": {
    "0": 0,
    "1": 1,
    "2": 2,
    "3": 3
  },
  "agent_config": {
    "episodes": 250,
    "learning_rate": 0.1,
    "discount_factor": 0.95,
    "epsilon_start": 0.3,
    "epsilon_end": 0.02,
    "epsilon_decay": 0.985,
    "include_previous_action": true,
    "eval_interval": 1,
    "random_state": 42,
    "reward_scale": 1.0
  },
  "summary": {
    "experiment_name": "rnn_lstm_hybrid__q_learning",
    "source_experiment": "rnn_lstm_hybrid",
    "architecture": "rnn_lstm_hybrid+q_learning",
    "n_clusters": 4,
    "target_cluster_count": 4,
    "best_mapping": "q_learning_policy(episodes=250,alpha=0.100,gamma=0.950)",
    "objective": "sharpe",
    "best_episode": 172,
    "n_states": 20,
    "n_actions": 4,
    "policy_loaded": false,
    "train_n_days": 1941,
    "train_total_return": 0.056408749872103536,
    "train_annual_return": 0.00714988353874757,
    "train_annual_vol": 0.09707347234488786,
    "train_sharpe": -0.13237516028681703,
    "train_max_drawdown": -0.3075405733633244,
    "train_calmar": 0.02324858622898121,
    "train_final_nav": 105640.87498721035,
    "train_avg_turnover": 0.20030911901081913,
    "train_total_turnover": 388.79999999999995,
    "validation_n_days": 555,
    "validation_total_return": 0.40979617654133627,
    "validation_annual_return": 0.16875918146480084,
    "validation_annual_vol": 0.10810766068052678,
    "validation_sharpe": 1.376028123524058,
    "validation_max_drawdown": -0.10000830946901751,
    "validation_calmar": 1.6874515963804217,
    "validation_final_nav": 140979.61765413362,
    "validation_avg_turnover": 0.05873873873873873,
    "validation_total_turnover": 32.599999999999994,
    "test_n_days": 278,
    "test_total_return": 0.040784478662254875,
    "test_annual_return": 0.03690062040917286,
    "test_annual_vol": 0.09540799791598419,
    "test_sharpe": 0.17714049952138666,
    "test_max_drawdown": -0.11208182360301155,
    "test_calmar": 0.3292293007283062,
    "test_final_nav": 104078.44786622548,
    "test_avg_turnover": 0.07985611510791367,
    "test_total_turnover": 22.2
  },
  "q_table_filename": "rnn_lstm_hybrid__q_learning_q_table.csv",
  "q_table_path": "F:\\Documents\\GitHub\\CU_Quant_Trade\\Final_Project\\track_b\\results\\rl_backtest_rankings_k4\\q_tables\\rnn_lstm_hybrid__q_learning_q_table.csv"
}