cluster,n_windows,dominant_hmm_regime,avg_SPY_ret,avg_VIX_level,avg_curve_slope_10y2y
0,708,transition,0.00021343639986879658,18.873432200564974,0.939774011299435
1,539,recovery,0.0003698453433436558,19.291372975881263,-0.27625231910946196
2,926,risk-on,0.000949248376772388,17.101717064794816,0.621792656587473
3,484,recovery,0.0005329508659642371,18.235909140495867,0.44411157024793385
