cluster,n_windows,dominant_hmm_regime,avg_SPY_ret,avg_VIX_level,avg_curve_slope_10y2y
0,826,recovery,0.0009596945652921036,18.201501207021792,0.5176997578692494
1,453,recovery,-9.221265995383553e-05,19.953377518763794,0.5620529801324503
2,1084,recovery,0.00042608057948446233,15.749105181734318,0.4431918819188192
3,294,transition,0.0009340309627684125,24.753265401360547,0.49163265306122444
