cluster,n_windows,dominant_hmm_regime,avg_SPY_ret,avg_VIX_level,avg_curve_slope_10y2y
0,967,recovery,0.00018187349974558932,18.13654605894519,0.4958221302998966
1,1185,risk-on,0.0008962165207157442,15.87814344556962,0.69442194092827
2,386,transition,8.408012090702178e-05,21.29398970207254,-0.4062176165803109
3,237,transition,0.0011860617350055332,27.691898797468355,0.6117299578059071
