episode,epsilon,train_episode_reward,train_avg_reward,train_policy_n_days,train_policy_risk_free_rate,train_policy_total_return,train_policy_annual_return,train_policy_annual_vol,train_policy_sharpe,train_policy_max_drawdown,train_policy_calmar,train_policy_final_nav,train_policy_avg_turnover,train_policy_total_turnover,train_policy_objective_value,validation_n_days,validation_risk_free_rate,validation_total_return,validation_annual_return,validation_annual_vol,validation_sharpe,validation_max_drawdown,validation_calmar,validation_final_nav,validation_avg_turnover,validation_total_turnover,validation_objective_value
1,0.3,-0.46192141770253486,-0.00024020874555514033,1923,0.009641081643265732,-0.032527689247081604,-0.004324090237700751,0.11102346266200877,-0.12578577127864377,-0.3050438985958054,-0.014175304792541785,96747.23107529184,0.27893915756630266,536.4,-0.12578577127864377,508,0.05198248031496063,0.1953430761779873,0.09254968536467612,0.09744107211191513,0.4163255203424112,-0.12273601463394168,0.7540548358255249,119534.30761779872,0.25826771653543307,131.2,0.4163255203424112
2,0.2955,-0.07613377395411673,-3.959114610198478e-05,1923,0.009641081643265732,-0.06960859115489415,-0.009410345565030509,0.09945601428709046,-0.19155631104723594,-0.3082472287203337,-0.030528565022617995,93039.14088451059,0.28330733229329175,544.8000000000001,-0.19155631104723594,508,0.05198248031496063,0.11681279687020818,0.05633408053403133,0.0982993286477422,0.04426887018389262,-0.11807752729925947,0.47709400613764913,111681.27968702081,0.2744094488188976,139.39999999999998,0.04426887018389262
