action,SPY,TLT,GLD,Cash
recession,0.0,0.1,0.2,0.7
defensive,0.1,0.4,0.25,0.25
rebound,0.5000000000000001,0.20000000000000004,0.20000000000000004,0.10000000000000002
aggressive,0.8,0.1,0.1,0.0
