cluster,n_windows,dominant_hmm_regime,avg_SPY_ret,avg_VIX_level,avg_curve_slope_10y2y
0,718,recovery,0.0009407339996650824,17.09305011420613,0.7274651810584959
1,1065,recovery,0.00045529244368689174,16.414244166197182,0.4224413145539906
2,717,recovery,0.0005740317559386513,19.74990239609484,0.43679218967921896
3,157,transition,-0.0005382318860307093,28.71433134394905,0.13878980891719744
