cluster,n_windows,dominant_hmm_regime,avg_SPY_ret,avg_VIX_level,avg_curve_slope_10y2y
0,719,recovery,0.0014958195993012824,18.34948545340751,0.4435048678720445
1,925,recovery,0.0016349949199294146,18.00215135243243,0.4886162162162162
2,1005,recovery,-0.0014646153398938445,18.143502510447764,0.4812039800995025
3,126,transition,0.00345645740420275,24.2588095,0.2862698412698413
