episode,epsilon,train_episode_reward,train_avg_reward,validation_n_days,validation_total_return,validation_annual_return,validation_annual_vol,validation_sharpe,validation_max_drawdown,validation_calmar,validation_final_nav,validation_avg_turnover,validation_total_turnover,validation_objective_value
1,0.3,-0.2027733006646731,-0.00010446847020333493,555,0.19562971991415856,0.08450884167998729,0.11119751468367789,0.580128448585337,-0.09360291640884932,0.9028441091606599,119562.97199141586,0.2861261261261261,158.79999999999998,0.580128448585337
2,0.2955,-0.34110843635932614,-0.00017573850404911187,555,0.3810703466552461,0.157885332816601,0.12637332734257783,1.0910952153915832,-0.11572431144116924,1.364322940014771,138107.0346655246,0.07351351351351351,40.8,1.0910952153915832
3,0.2910675,-0.24357134303651792,-0.00012548755437224004,555,0.2984948342482041,0.1259211949740351,0.11347999493520189,0.9333909032558299,-0.08473871729201898,1.485993640192791,129849.48342482041,0.11459459459459459,63.599999999999994,0.9333909032558299
4,0.28670148749999996,0.12809591512887764,6.599480429102403e-05,555,0.15458131290829913,0.06744156128780898,0.11554111296114211,0.41060329152069147,-0.09137863077965402,0.7380452159590164,115458.13129082992,0.31927927927927924,177.2,0.41060329152069147
5,0.28240096518749996,-0.46643987825095895,-0.00024030905628591394,555,0.21555671462571135,0.09267884608105748,0.11243557019658179,0.6464043892336396,-0.10014736860844586,0.9254246753443052,121555.67146257113,0.3019819819819819,167.59999999999997,0.6464043892336396
