episode,epsilon,train_episode_reward,train_avg_reward,validation_n_days,validation_total_return,validation_annual_return,validation_annual_vol,validation_sharpe,validation_max_drawdown,validation_calmar,validation_final_nav,validation_avg_turnover,validation_total_turnover,validation_objective_value
1,0.3,0.05749011228699932,2.9618811070066628e-05,555,-0.0976211027264543,-0.045569821435205715,0.11663382845668298,-0.56218527937251,-0.15255550115089578,-0.29870978818477134,90237.88972735457,0.6562162162162162,364.2,-0.56218527937251
2,0.2955,-0.15680284253563329,-8.078456596374719e-05,555,0.37332666307166584,0.15493296107083854,0.11412527485591864,1.1823232079063055,-0.10000830946901706,1.5492008803412214,137332.6663071666,0.004324324324324324,2.4,1.1823232079063055
3,0.2910675,-0.35303388405128905,-0.000181882475039304,555,0.08998257155142309,0.039897418505769,0.11168453210405148,0.17815733415287505,-0.10525530569012753,0.37905375167715843,108998.2571551423,0.38738738738738737,215.0,0.17815733415287505
4,0.28670148749999996,-0.18269513413573754,-9.412423190918987e-05,555,-0.27194577676769305,-0.1342053841216675,0.11643336704149462,-1.3244088704117922,-0.2945223792256757,-0.45567126163554983,72805.4223232307,0.9927927927927925,550.9999999999999,-1.3244088704117922
5,0.28240096518749996,0.0341985144466006,1.7619018262030192e-05,555,0.38481004111600603,0.15930789986744576,0.12710217118576014,1.0960308432799855,-0.10449709942957308,1.5245198262638189,138481.0041116006,0.010450450450450448,5.799999999999999,1.0960308432799855
