cluster,n_windows,dominant_hmm_regime,avg_SPY_ret,avg_VIX_level,avg_curve_slope_10y2y
0,189,transition,-0.0009057862844188425,23.551164084656083,0.43222222222222223
1,1187,recovery,0.0005098127671938267,17.61676497809604,0.498921651221567
2,1245,recovery,0.0007539720124666787,17.610859446586346,0.4985220883534136
3,36,transition,0.0031878479100648444,31.5283335,0.3505555555555555
