cluster,n_windows,dominant_hmm_regime,avg_SPY_ret,avg_VIX_level,avg_curve_slope_10y2y
0,1282,recovery,0.000574797400174543,17.571723879875194,0.5563260530421217
1,912,risk-on,0.00044296078822570845,16.44648025986842,0.6743859649122806
2,372,transition,7.652796410522075e-05,21.580887201612903,-0.1756989247311828
3,91,stress,0.00349530679840119,31.52285723076923,0.4868131868131868
