cluster,n_windows,dominant_hmm_regime,avg_SPY_ret,avg_VIX_level,avg_curve_slope_10y2y
0,685,recovery,0.0005958039030963988,17.770569327007298,0.7054306569343066
1,99,transition,0.0025042818484102103,30.530404242424243,0.132020202020202
2,1693,recovery,0.00046289115876665265,16.583071492616657,0.46152392203189607
3,180,transition,0.00026493065989818696,28.624000066666667,0.1641111111111111
