episode,epsilon,train_episode_reward,train_avg_reward,train_avg_loss,validation_n_days,validation_total_return,validation_annual_return,validation_annual_vol,validation_sharpe,validation_max_drawdown,validation_calmar,validation_final_nav,validation_avg_turnover,validation_total_turnover,validation_objective_value
1,1.0,-0.1617640695858803,-8.329766714000016e-05,0.15412618815763465,555,0.41983295958644296,0.17252994300784175,0.11161706439656918,1.3665468074479312,-0.10164690823268441,1.697345703943064,141983.2959586443,0.0018018018018018018,1.0,1.3665468074479312
2,0.97,-0.37954084721136555,-0.00019543812935703684,0.05834764448658074,555,0.3877837240495001,0.16043758248300088,0.11176968773033878,1.2564907832777321,-0.07130143994459504,2.2501310297193062,138778.37240495,0.018018018018018014,9.999999999999998,1.2564907832777321
