episode,epsilon,train_episode_reward,train_avg_reward,train_policy_n_days,train_policy_risk_free_rate,train_policy_total_return,train_policy_annual_return,train_policy_annual_vol,train_policy_sharpe,train_policy_max_drawdown,train_policy_calmar,train_policy_final_nav,train_policy_avg_turnover,train_policy_total_turnover,train_policy_objective_value,validation_n_days,validation_risk_free_rate,validation_total_return,validation_annual_return,validation_annual_vol,validation_sharpe,validation_max_drawdown,validation_calmar,validation_final_nav,validation_avg_turnover,validation_total_turnover,validation_objective_value
1,0.3,-1.0120747497186655,-0.0005262999218505801,1923,0.009641081643265732,0.003929242956023149,0.0005140317039573628,0.03200490046216733,-0.2851766388118396,-0.11443155567963503,0.004492045056142177,1.0039292429560231,0.04165366614664587,80.10000000000001,-0.2851766388118396,508,0.05198248031496063,-0.004674125024470177,-0.0023213976239786493,0.023803735260974467,-2.281317505155122,-0.033757086516894796,-0.0687677126050802,0.9953258749755298,0.08562992125984252,43.5,-2.281317505155122
2,0.2955,-0.9091787837388278,-0.00047279187921935923,1923,0.009641081643265732,-0.6090843916220586,-0.11581240087574529,0.06225193653539764,-2.0152542957065407,-0.6276028788398834,-0.18453134104455218,0.39091560837794137,0.7226729069162767,1389.7,-2.0152542957065407,508,0.05198248031496063,-0.2901698083064881,-0.15634819542722644,0.06490794888153664,-3.20963270804337,-0.28945926757406215,-0.5401388483345851,0.7098301916935119,0.7346456692913387,373.20000000000005,-3.20963270804337
