episode,epsilon,train_episode_reward,train_avg_reward,train_policy_n_days,train_policy_risk_free_rate,train_policy_total_return,train_policy_annual_return,train_policy_annual_vol,train_policy_sharpe,train_policy_max_drawdown,train_policy_calmar,train_policy_final_nav,train_policy_avg_turnover,train_policy_total_turnover,train_policy_objective_value,validation_n_days,validation_risk_free_rate,validation_total_return,validation_annual_return,validation_annual_vol,validation_sharpe,validation_max_drawdown,validation_calmar,validation_final_nav,validation_avg_turnover,validation_total_turnover,validation_objective_value
1,0.3,-0.4866789355283452,-0.00025308316980153153,1923,0.009641081643265732,-0.21946249040234966,-0.03194793286167752,0.07739020911545573,-0.5373937476108646,-0.2693391800934627,-0.11861598765761205,0.7805375095976503,0.2874154966198648,552.7,-0.5373937476108646,508,0.05198248031496063,0.14494761310269344,0.06945217631910228,0.07447271905574808,0.2345784634379248,-0.08724889763625754,0.7960235395597758,1.1449476131026934,0.25748031496062995,130.8,0.2345784634379248
2,0.2955,-0.5456835014042665,-0.0002837667714010746,1923,0.009641081643265732,-0.4111287936708361,-0.06704164753520991,0.0791226516914981,-0.9691627813165843,-0.4551300658570542,-0.1473021726414931,0.5888712063291639,0.4387415496619866,843.7000000000002,-0.9691627813165843,508,0.05198248031496063,-0.03449129542781926,-0.01726118017132361,0.07659963861440264,-0.9039685008809522,-0.11317382413635135,-0.15251919163328273,0.9655087045721807,0.44133858267716547,224.20000000000005,-0.9039685008809522
