cluster,n_windows,dominant_hmm_regime,avg_SPY_ret,avg_VIX_level,avg_curve_slope_10y2y
0,255,transition,-0.00043069018808468965,23.163372666666667,0.216
1,916,recovery,0.0007267205736250653,16.185796933406113,0.5116157205240175
2,721,transition,0.00038122455645175706,19.70801664216366,0.4752288488210818
3,883,recovery,0.000816225205535541,18.339490421291053,0.4803737259343149
