cluster,n_windows,dominant_hmm_regime,avg_SPY_ret,avg_VIX_level,avg_curve_slope_10y2y
0,591,recovery,0.0009005219863584675,17.569898453468696,0.7505245346869712
1,718,transition,-0.00025602827492205517,22.545014009749302,0.42023676880222843
2,704,recovery,0.0007896923684191291,17.69350855113636,0.38183238636363637
3,762,recovery,0.0008492338441701809,15.890734904199476,0.36276902887139106
