epoch,train_loss,val_loss
1,0.9821420177336662,0.9794935062527657
2,0.9794899494417252,0.978697881102562
3,0.9697343553266218,0.9775824397802353
4,0.9704417336371637,0.9792829751968384
5,0.9653692245483398,0.9813113957643509
6,0.9810608067820149,0.9816277548670769
7,1.0101630610804404,0.9806475564837456
8,0.9607138749091856,0.977619044482708
9,0.9671605479332709,0.9805629029870033
10,0.9617197321307275,0.9801819249987602
11,0.9609687251429404,0.9807201325893402
