cluster,n_windows,dominant_hmm_regime,avg_SPY_ret,avg_VIX_level,avg_curve_slope_10y2y
0,676,recovery,0.0006937672590804387,16.247736698224852,0.5714497041420119
1,485,recovery,0.0015522778928703297,15.648680397938145,0.5974845360824742
2,894,transition,0.00024154135252348776,21.70695753131991,0.31206935123042506
3,602,recovery,8.244586852288375e-05,17.348355521594684,0.5849169435215947
