cluster,n_windows,dominant_hmm_regime,avg_SPY_ret,avg_VIX_level,avg_curve_slope_10y2y
0,1006,recovery,0.00048147370306158947,19.07327041749503,0.5151888667992047
1,318,transition,0.00021564128477722923,25.714434075471697,-0.08446540880503145
2,879,recovery,0.0005934962474547686,16.173333319681458,0.5956996587030717
3,572,recovery,0.0008336016325466853,16.70426573076923,0.48162587412587415
