epoch,train_loss,val_loss
1,0.9551043584942818,0.9251047372817993
